,college,state,city,average_costs,graduation_rate,salary_after_attending,students
0,Colorado School of Mines,CO,Golden,27013.0,77.0,84900.0,4564.0
1,Georgia Institute of Technology-Main Campus,GA,Atlanta,11639.0,86.0,79100.0,14766.0
2,Missouri University of Science and Technology,MO,Rolla,14303.0,65.0,71200.0,6857.0
3,New Jersey Institute of Technology,NJ,Newark,18544.0,61.0,68500.0,7336.0
4,California Polytechnic State University-San Luis Obispo,CA,San Luis Obispo,18845.0,78.0,66900.0,20367.0
5,Michigan Technological University,MI,Houghton,14638.0,66.0,66400.0,5739.0
6,University of California-Berkeley,CA,Berkeley,14468.0,92.0,64700.0,29309.0
7,University of Michigan-Ann Arbor,MI,Ann Arbor,14897.0,91.0,63400.0,28761.0
8,University of Maryland-College Park,MD,College Park,16928.0,86.0,62900.0,27864.0
9,Virginia Polytechnic Institute and State University,VA,Blacksburg,19413.0,84.0,62500.0,25725.0
10,Augusta University,GA,Augusta,13467.0,28.0,62300.0,4860.0
11,Binghamton University,NY,Vestal,17870.0,82.0,61600.0,13578.0
12,University of Illinois at Urbana-Champaign,IL,Champaign,18243.0,85.0,61500.0,32752.0
13,University of Virginia-Main Campus,VA,Charlottesville,19177.0,94.0,61200.0,15963.0
14,University of California-Los Angeles,CA,Los Angeles,13572.0,91.0,60700.0,30859.0
15,University of California-San Diego,CA,La Jolla,14775.0,87.0,59900.0,28121.0
16,George Mason University,VA,Fairfax,19479.0,70.0,59900.0,23179.0
17,The College of New Jersey,NJ,Ewing,26581.0,86.0,58500.0,6666.0
18,College of William and Mary,VA,Williamsburg,19089.0,91.0,58500.0,6245.0
19,University of Connecticut-Waterbury Campus,CT,Waterbury,8600.0,58.0,58400.0,2010.0
20,University of Connecticut,CT,Storrs,21223.0,83.0,58400.0,19030.0
21,University of California-Irvine,CA,Irvine,13712.0,88.0,58400.0,27317.0
22,University of California-Davis,CA,Davis,15309.0,85.0,58200.0,29358.0
23,The University of Texas at Austin,TX,Austin,18422.0,80.0,58200.0,39676.0
24,University of Baltimore,MD,Baltimore,16300.0,34.0,58000.0,3186.0
25,Texas A & M University-College Station,TX,College Station,15440.0,80.0,58000.0,50416.0
26,Rutgers University-Camden,NJ,Camden,15705.0,58.0,57900.0,4960.0
27,Rutgers University-New Brunswick,NJ,New Brunswick,20166.0,80.0,57900.0,35782.0
28,Rutgers University-Newark,NJ,Newark,12360.0,67.0,57900.0,7691.0
29,University of Washington-Seattle Campus,WA,Seattle,12957.0,84.0,57700.0,29831.0
30,University of Washington-Bothell Campus,WA,Bothell,11121.0,68.0,57700.0,5078.0
31,University of Washington-Tacoma Campus,WA,Tacoma,8829.0,61.0,57700.0,4252.0
32,Stony Brook University,NY,Stony Brook,13467.0,70.0,57600.0,16863.0
33,CUNY Bernard M Baruch College,NY,New York,7193.0,68.0,57200.0,14858.0
34,University of Delaware,DE,Newark,16736.0,80.0,57000.0,18510.0
35,Citadel Military College of South Carolina,SC,Charleston,18430.0,68.0,56800.0,2693.0
36,Oregon Institute of Technology,OR,Klamath Falls,16687.0,46.0,56600.0,3610.0
37,James Madison University,VA,Harrisonburg,20036.0,82.0,56600.0,19262.0
38,South Dakota School of Mines and Technology,SD,Rapid City,20097.0,49.0,56500.0,2353.0
39,University of Colorado Denver/Anschutz Medical Campus,CO,Denver,14816.0,47.0,56400.0,11228.0
40,University of Wisconsin-Madison,WI,Madison,19320.0,85.0,56200.0,29536.0
41,San Jose State University,CA,San Jose,14376.0,59.0,56100.0,26253.0
42,University of Florida-Online,FL,Gainesville,10358.0,,56000.0,2160.0
43,University of Florida,FL,Gainesville,12159.0,87.0,56000.0,33309.0
44,University of North Carolina at Chapel Hill,NC,Chapel Hill,13210.0,91.0,55600.0,18169.0
45,University of California-Santa Barbara,CA,Santa Barbara,14900.0,82.0,55300.0,21570.0
46,Purdue University-Main Campus,IN,West Lafayette,13545.0,75.0,55100.0,30849.0
47,University of Maryland-Baltimore County,MD,Baltimore,19937.0,64.0,55000.0,11025.0
48,University of Illinois at Chicago,IL,Chicago,13562.0,59.0,54300.0,17804.0
49,California State Polytechnic University-Pomona,CA,Pomona,12484.0,65.0,54000.0,23611.0
50,University of Pittsburgh-Johnstown,PA,Johnstown,19053.0,54.0,53900.0,2765.0
51,University of Pittsburgh-Pittsburgh Campus,PA,Pittsburgh,28261.0,82.0,53900.0,18920.0
52,Michigan State University,MI,East Lansing,17120.0,78.0,53600.0,38851.0
53,University of Massachusetts-Lowell,MA,Lowell,19095.0,56.0,53300.0,12909.0
54,Ramapo College of New Jersey,NJ,Mahwah,21022.0,73.0,53200.0,5445.0
55,The University of Texas at Dallas,TX,Richardson,13343.0,67.0,53100.0,17339.0
56,University of Utah,UT,Salt Lake City,12674.0,65.0,53000.0,22748.0
57,University of Rhode Island,RI,Kingston,19216.0,63.0,52900.0,13788.0
58,University at Buffalo,NY,Buffalo,17163.0,74.0,52600.0,20102.0
59,North Carolina State University at Raleigh,NC,Raleigh,14682.0,76.0,52500.0,22390.0
60,Clemson University,SC,Clemson,16770.0,81.0,52400.0,18395.0
61,University of Iowa,IA,Iowa City,14192.0,72.0,51900.0,22990.0
62,University of Minnesota-Twin Cities,MN,Minneapolis,16993.0,78.0,51900.0,30974.0
63,California State University-East Bay,CA,Hayward,10755.0,47.0,51700.0,13361.0
64,Farmingdale State College,NY,Farmingdale,9784.0,48.0,51700.0,8591.0
65,University of Houston,TX,Houston,15399.0,51.0,51600.0,34560.0
66,SUNY at Albany,NY,Albany,16888.0,67.0,51500.0,12955.0
67,University of New Hampshire-Main Campus,NH,Durham,24879.0,78.0,51400.0,12653.0
68,Texas Tech University,TX,Lubbock,16450.0,60.0,51400.0,29587.0
69,University of Mary Washington,VA,Fredericksburg,21569.0,71.0,51400.0,4318.0
70,University of Massachusetts-Amherst,MA,Amherst,19324.0,77.0,51400.0,22958.0
71,University of Maryland-University College,MD,Adelphi,12149.0,9.0,51200.0,41070.0
72,University of Oklahoma-Norman Campus,OK,Norman,17288.0,67.0,51100.0,21082.0
73,San Diego State University,CA,San Diego,14585.0,71.0,51000.0,29398.0
74,University of Colorado Boulder,CO,Boulder,23127.0,71.0,50800.0,27376.0
75,Towson University,MD,Towson,17628.0,70.0,50800.0,18968.0
76,Iowa State University,IA,Ames,13947.0,73.0,50700.0,30224.0
77,Washington State University,WA,Pullman,16278.0,65.0,50600.0,24362.0
78,Salisbury University,MD,Salisbury,18887.0,68.0,50500.0,7657.0
79,Temple University,PA,Philadelphia,21335.0,71.0,50500.0,28709.0
80,University of Georgia,GA,Athens,13822.0,85.0,50500.0,27851.0
81,Louisiana State University and Agricultural & Mechanical College,LA,Baton Rouge,13624.0,68.0,50100.0,24365.0
82,Pennsylvania State University-Main Campus,PA,University Park,29806.0,86.0,50100.0,40891.0
83,Pennsylvania State University-Penn State Erie-Behrend College,PA,Erie,24699.0,66.0,50100.0,4338.0
84,Pennsylvania State University-Penn State Berks,PA,Reading,22907.0,59.0,50100.0,2785.0
85,Pennsylvania State University-Penn State Abington,PA,Abington,13058.0,48.0,50100.0,3503.0
86,Pennsylvania State University-World Campus,PA,University Park,23183.0,27.0,50100.0,7489.0
87,Pennsylvania State University-Penn State Altoona,PA,Altoona,24696.0,68.0,50100.0,3431.0
88,Pennsylvania State University-Penn State Harrisburg,PA,Middletown,21656.0,63.0,50100.0,4109.0
89,Rowan University,NJ,Glassboro,22224.0,69.0,50000.0,14068.0
90,California State University-Channel Islands,CA,Camarillo,14672.0,57.0,49800.0,6338.0
91,University of California-Riverside,CA,Riverside,12645.0,73.0,49700.0,19788.0
92,Oregon State University,OR,Corvallis,20581.0,64.0,49600.0,24350.0
93,Thomas Edison State University,NJ,Trenton,,,49600.0,11292.0
94,Montclair State University,NJ,Montclair,21727.0,65.0,49600.0,16653.0
95,San Francisco State University,CA,San Francisco,13655.0,52.0,49200.0,24882.0
96,Sonoma State University,CA,Rohnert Park,16721.0,60.0,49200.0,8572.0
97,California State University-Sacramento,CA,Sacramento,9266.0,47.0,48900.0,27884.0
98,Fashion Institute of Technology,NY,New York,12234.0,76.0,48900.0,8168.0
99,SUNY College at Geneseo,NY,Geneseo,18801.0,81.0,48800.0,5480.0
100,University of Kansas,KS,Lawrence,18234.0,62.0,48800.0,18845.0
101,Auburn University,AL,Auburn,21984.0,74.0,48800.0,22095.0
102,University of North Dakota,ND,Grand Forks,15045.0,55.0,48700.0,10598.0
103,The University of Texas at Arlington,TX,Arlington,13844.0,47.0,48700.0,32545.0
104,University of Michigan-Dearborn,MI,Dearborn,12200.0,53.0,48600.0,6886.0
105,West Chester University of Pennsylvania,PA,West Chester,21690.0,70.0,48400.0,14131.0
106,University of Missouri-Columbia,MO,Columbia,17157.0,69.0,48300.0,25544.0
107,University of Massachusetts-Dartmouth,MA,North Dartmouth,17923.0,47.0,48200.0,6758.0
108,CUNY Queens College,NY,Queens,6775.0,59.0,48200.0,15426.0
109,North Dakota State University-Main Campus,ND,Fargo,15394.0,55.0,48200.0,11683.0
110,University of Massachusetts-Boston,MA,Boston,12805.0,44.0,48200.0,12210.0
111,Worcester State University,MA,Worcester,19113.0,54.0,48200.0,4891.0
112,Metropolitan State University,MN,Saint Paul,15350.0,34.0,48200.0,7290.0
113,California State University-Chico,CA,Chico,13845.0,66.0,48100.0,16305.0
114,California State University-Long Beach,CA,Long Beach,9733.0,68.0,48100.0,32170.0
115,University of Wisconsin-La Crosse,WI,La Crosse,15093.0,68.0,48000.0,9517.0
116,Central Connecticut State University,CT,New Britain,16576.0,55.0,47900.0,9269.0
117,University of Houston-Clear Lake,TX,Houston,14411.0,,47900.0,5557.0
118,California State University-Bakersfield,CA,Bakersfield,6055.0,41.0,47800.0,8144.0
119,Indiana University-Bloomington,IN,Bloomington,14303.0,77.0,47700.0,32924.0
120,Arizona State University-Tempe,AZ,Tempe,11572.0,66.0,47700.0,42224.0
121,Arizona State University-Skysong,AZ,Scottsdale,13583.0,,47700.0,20490.0
122,Arizona State University-Polytechnic,AZ,Mesa,11755.0,60.0,47700.0,3861.0
123,Arizona State University-Downtown Phoenix,AZ,Phoenix,11581.0,66.0,47700.0,9232.0
124,Arizona State University-West,AZ,Glendale,7619.0,68.0,47700.0,3201.0
125,Stockton University,NJ,Galloway,19233.0,72.0,47500.0,7825.0
126,University of Wisconsin-Platteville,WI,Platteville,15468.0,54.0,47300.0,7745.0
127,California State University-San Marcos,CA,San Marcos,9451.0,52.0,47300.0,12475.0
128,University of Vermont,VT,Burlington,17831.0,76.0,47300.0,10267.0
129,University of Wyoming,WY,Laramie,12578.0,55.0,47300.0,9622.0
130,University of Arizona,AZ,Tucson,16150.0,60.0,47300.0,33402.0
131,CUNY Hunter College,NY,New York,7887.0,53.0,47200.0,15632.0
132,California State University-Fullerton,CA,Fullerton,8311.0,62.0,47200.0,34416.0
133,University of Minnesota-Duluth,MN,Duluth,16850.0,60.0,47200.0,9051.0
134,Miami University-Oxford,OH,Oxford,22307.0,79.0,47100.0,16597.0
135,Colorado State University-Fort Collins,CO,Fort Collins,18318.0,67.0,47100.0,23497.0
136,Miami University-Hamilton,OH,Hamilton,9667.0,25.0,47100.0,2672.0
137,Illinois State University,IL,Normal,20969.0,73.0,47100.0,18571.0
138,SUNY Cortland,NY,Cortland,19101.0,74.0,47000.0,6292.0
139,University of Nevada-Reno,NV,Reno,14164.0,56.0,47000.0,17786.0
140,University of California-Santa Cruz,CA,Santa Cruz,16989.0,78.0,46900.0,16962.0
141,Christopher Newport University,VA,Newport News,22965.0,72.0,46900.0,4921.0
142,University of Alabama in Huntsville,AL,Huntsville,19423.0,49.0,46700.0,6346.0
143,William Paterson University of New Jersey,NJ,Wayne,17138.0,50.0,46600.0,8972.0
144,Oklahoma State University-Main Campus,OK,Stillwater,13538.0,62.0,46500.0,20827.0
145,Central Washington University,WA,Ellensburg,14132.0,52.0,46500.0,10492.0
146,University of Nebraska-Lincoln,NE,Lincoln,17311.0,67.0,46400.0,20833.0
147,Florida State University,FL,Tallahassee,14985.0,80.0,46400.0,32417.0
148,Eastern Connecticut State University,CT,Willimantic,17542.0,55.0,46400.0,4818.0
149,CUNY City College,NY,New York,6773.0,45.0,46300.0,12609.0
150,Florida International University,FL,Miami,13398.0,57.0,46300.0,41112.0
151,University of Wisconsin-Eau Claire,WI,Eau Claire,16021.0,66.0,46200.0,9936.0
152,Ohio State University-Newark Campus,OH,Newark,16378.0,35.0,46100.0,2438.0
153,The University of Texas of the Permian Basin,TX,Odessa,6967.0,37.0,46100.0,3713.0
154,Kean University,NJ,Union,18492.0,50.0,46100.0,11656.0
155,California State University-Los Angeles,CA,Los Angeles,3996.0,46.0,46100.0,24046.0
156,Westfield State University,MA,Westfield,17058.0,64.0,46100.0,5495.0
157,Ohio State University-Main Campus,OH,Columbus,17231.0,83.0,46100.0,44762.0
158,Texas A & M International University,TX,Laredo,6429.0,41.0,45800.0,6566.0
159,Bowie State University,MD,Bowie,14826.0,39.0,45800.0,4632.0
160,University of Hawaii at Manoa,HI,Honolulu,13705.0,58.0,45800.0,12767.0
161,West Virginia University,WV,Morgantown,10997.0,57.0,45800.0,21428.0
162,Western Washington University,WA,Bellingham,15845.0,70.0,45800.0,14483.0
163,Framingham State University,MA,Framingham,18071.0,55.0,45800.0,4100.0
164,University of Missouri-Kansas City,MO,Kansas City,15764.0,49.0,45700.0,7904.0
165,Fitchburg State University,MA,Fitchburg,15280.0,53.0,45700.0,4073.0
166,Texas State University,TX,San Marcos,14725.0,54.0,45700.0,34244.0
167,Kansas State University,KS,Manhattan,17023.0,62.0,45600.0,19151.0
168,Northern Illinois University,IL,Dekalb,19944.0,49.0,45500.0,14036.0
169,California State University-Northridge,CA,Northridge,6569.0,50.0,45400.0,35605.0
170,California State University-Stanislaus,CA,Turlock,6889.0,56.0,45400.0,8610.0
171,University of Alaska Anchorage,AK,Anchorage,12680.0,24.0,45400.0,11833.0
172,University of Central Florida,FL,Orlando,15409.0,70.0,45400.0,55113.0
173,Bridgewater State University,MA,Bridgewater,19382.0,58.0,45300.0,9387.0
174,The University of Texas at San Antonio,TX,San Antonio,12981.0,33.0,45300.0,24036.0
175,Southern Connecticut State University,CT,New Haven,16931.0,52.0,45300.0,7963.0
176,Western Connecticut State University,CT,Danbury,18237.0,48.0,45200.0,5001.0
177,University of Kentucky,KY,Lexington,17617.0,63.0,45100.0,22244.0
178,University of Wisconsin-Stout,WI,Menomonie,15929.0,56.0,45100.0,8202.0
179,The University of Tennessee-Knoxville,TN,Knoxville,19076.0,70.0,45100.0,21984.0
180,University of North Texas at Dallas,TX,Dallas,6657.0,33.0,45000.0,2257.0
181,University of Nevada-Las Vegas,NV,Las Vegas,10726.0,41.0,45000.0,24197.0
182,University of Houston-Downtown,TX,Houston,7932.0,15.0,45000.0,12758.0
183,Western Michigan University,MI,Kalamazoo,16824.0,54.0,45000.0,17984.0
184,State University of New York at New Paltz,NY,New Paltz,16333.0,73.0,45000.0,6582.0
185,Shippensburg University of Pennsylvania,PA,Shippensburg,20796.0,56.0,45000.0,5837.0
186,University of North Texas,TX,Denton,13759.0,52.0,45000.0,31241.0
187,University of Arkansas,AR,Fayetteville,15648.0,64.0,44900.0,22254.0
188,Minnesota State University-Mankato,MN,Mankato,15455.0,50.0,44900.0,12154.0
189,CUNY John Jay College of Criminal Justice,NY,New York,6707.0,39.0,44900.0,12175.0
190,University of South Carolina-Columbia,SC,Columbia,19095.0,73.0,44900.0,24970.0
191,Bismarck State College,ND,Bismarck,9480.0,45.0,44800.0,3060.0
192,California State University-Monterey Bay,CA,Seaside,10925.0,54.0,44800.0,6541.0
193,University of Oregon,OR,Eugene,15619.0,72.0,44800.0,19775.0
194,California State University-Dominguez Hills,CA,Carson,3221.0,38.0,44700.0,12666.0
195,Portland State University,OR,Portland,15762.0,45.0,44700.0,19057.0
196,Winona State University,MN,Winona,17845.0,59.0,44700.0,7485.0
197,California State University-Fresno,CA,Fresno,5874.0,57.0,44700.0,21150.0
198,Texas Woman's University,TX,Denton,9027.0,40.0,44700.0,9574.0
199,Frostburg State University,MD,Frostburg,18052.0,49.0,44600.0,4779.0
200,East Stroudsburg University of Pennsylvania,PA,East Stroudsburg,18413.0,56.0,44600.0,6085.0
201,University of Illinois at Springfield,IL,Springfield,12077.0,49.0,44600.0,2877.0
202,Sam Houston State University,TX,Huntsville,13670.0,50.0,44600.0,17902.0
203,University of Northern Iowa,IA,Cedar Falls,15666.0,66.0,44600.0,9943.0
204,Bloomsburg University of Pennsylvania,PA,Bloomsburg,18557.0,62.0,44500.0,8713.0
205,Weber State University,UT,Ogden,10059.0,33.0,44500.0,16866.0
206,The University of Alabama,AL,Tuscaloosa,21676.0,68.0,44500.0,31663.0
207,Truman State University,MO,Kirksville,12362.0,72.0,44500.0,5302.0
208,Ferris State University,MI,Big Rapids,13136.0,42.0,44500.0,12006.0
209,California State University-San Bernardino,CA,San Bernardino,6408.0,53.0,44500.0,18317.0
210,South Dakota State University,SD,Brookings,21070.0,54.0,44400.0,9767.0
211,SUNY College at Old Westbury,NY,Old Westbury,10448.0,42.0,44300.0,4086.0
212,University of Nebraska at Omaha,NE,Omaha,12899.0,46.0,44200.0,12333.0
213,The University of Texas at Tyler,TX,Tyler,12285.0,40.0,44200.0,6473.0
214,Saint Cloud State University,MN,Saint Cloud,14376.0,44.0,44200.0,10283.0
215,University of Wisconsin-Milwaukee,WI,Milwaukee,17940.0,40.0,44200.0,20018.0
216,University of North Carolina at Charlotte,NC,Charlotte,14665.0,55.0,44000.0,23246.0
217,Virginia Commonwealth University,VA,Richmond,21136.0,62.0,44000.0,22614.0
218,SUNY College at Oswego,NY,Oswego,15928.0,66.0,43900.0,7113.0
219,CUNY Brooklyn College,NY,Brooklyn,7361.0,52.0,43900.0,13380.0
220,University of Colorado Colorado Springs,CO,Colorado Springs,16029.0,45.0,43900.0,10153.0
221,University of Toledo,OH,Toledo,16050.0,42.0,43800.0,15145.0
222,Utah Valley University,UT,Orem,8199.0,31.0,43800.0,26571.0
223,Old Dominion University,VA,Norfolk,15920.0,52.0,43700.0,19606.0
224,University of South Florida-Main Campus,FL,Tampa,11249.0,68.0,43500.0,30553.0
225,Millersville University of Pennsylvania,PA,Millersville,20676.0,61.0,43500.0,6867.0
226,University of South Florida-St Petersburg,FL,St. Petersburg,12101.0,37.0,43500.0,4027.0
227,Salem State University,MA,Salem,17856.0,51.0,43500.0,7016.0
228,Bellevue College,WA,Bellevue,8126.0,25.0,43500.0,4627.0
229,SUNY Oneonta,NY,Oneonta,17009.0,72.0,43400.0,5708.0
230,Texas A & M University-Corpus Christi,TX,Corpus Christi,14867.0,36.0,43400.0,9955.0
231,Georgia State University,GA,Atlanta,14773.0,53.0,43300.0,24478.0
232,Montana State University,MT,Bozeman,17050.0,53.0,43200.0,14149.0
233,Utah State University,UT,Logan,12849.0,48.0,43200.0,21833.0
234,Western Illinois University,IL,Macomb,17022.0,53.0,43200.0,8543.0
235,University of North Florida,FL,Jacksonville,13100.0,54.0,43200.0,13585.0
236,Florida Atlantic University,FL,Boca Raton,12605.0,49.0,43200.0,24221.0
237,Oakland University,MI,Rochester Hills,12415.0,45.0,43100.0,16233.0
238,CUNY Lehman College,NY,Bronx,5454.0,40.0,43100.0,10311.0
239,Eastern Washington University,WA,Cheney,13706.0,46.0,43100.0,10546.0
240,Southern Illinois University-Edwardsville,IL,Edwardsville,16304.0,49.0,43000.0,11652.0
241,Radford University,VA,Radford,17428.0,59.0,43000.0,8426.0
242,Southern Illinois University-Carbondale,IL,Carbondale,17660.0,45.0,42900.0,12056.0
243,University of Missouri-St Louis,MO,Saint Louis,11006.0,47.0,42900.0,7736.0
244,Grand Valley State University,MI,Allendale,16496.0,66.0,42800.0,22081.0
245,University of Mississippi,MS,University,14494.0,60.0,42700.0,18975.0
246,University of Wisconsin-Oshkosh,WI,Oshkosh,15192.0,52.0,42700.0,9551.0
247,West Texas A & M University,TX,Canyon,12257.0,42.0,42700.0,7384.0
248,New Jersey City University,NJ,Jersey City,12865.0,30.0,42700.0,6465.0
249,SUNY College at Brockport,NY,Brockport,15305.0,69.0,42600.0,7066.0
250,Pennsylvania College of Technology,PA,Williamsport,24055.0,46.0,42600.0,5409.0
251,Texas A & M University-Kingsville,TX,Kingsville,12568.0,31.0,42600.0,5845.0
252,University of Wisconsin-Whitewater,WI,Whitewater,15069.0,59.0,42600.0,10826.0
253,Indiana University-Purdue University-Indianapolis,IN,Indianapolis,12417.0,45.0,42500.0,21001.0
254,University of Maine,ME,Orono,15895.0,57.0,42500.0,8757.0
255,Tarleton State University,TX,Stephenville,15740.0,43.0,42500.0,11461.0
256,Keene State College,NH,Keene,19196.0,63.0,42400.0,4068.0
257,SUNY College at Plattsburgh,NY,Plattsburgh,14991.0,64.0,42400.0,5146.0
258,University of Cincinnati-Blue Ash College,OH,Blue Ash,12580.0,22.0,42300.0,4556.0
259,University of Cincinnati-Main Campus,OH,Cincinnati,22002.0,64.0,42300.0,24846.0
260,University of Cincinnati-Clermont College,OH,Batavia,13377.0,24.0,42300.0,2340.0
261,Eastern Illinois University,IL,Charleston,15404.0,58.0,42200.0,5750.0
262,Florida Gulf Coast University,FL,Fort Myers,14499.0,45.0,42100.0,13658.0
263,University of Northern Colorado,CO,Greeley,19387.0,48.0,42000.0,9098.0
264,University of South Dakota,SD,Vermillion,17078.0,54.0,42000.0,6153.0
265,Georgia Southern University,GA,Statesboro,16480.0,51.0,41900.0,17349.0
266,The University of Texas Rio Grande Valley,TX,Edinburg,4192.0,40.0,41900.0,23932.0
267,Central Michigan University,MI,Mount Pleasant,15666.0,58.0,41900.0,19551.0
268,University of Idaho,ID,Moscow,14191.0,57.0,41900.0,7735.0
269,Stephen F Austin State University,TX,Nacogdoches,12595.0,43.0,41900.0,10685.0
270,University of North Georgia,GA,Dahlonega,9362.0,26.0,41900.0,16802.0
271,University of Houston-Victoria,TX,Victoria,10199.0,18.0,41800.0,3231.0
272,SUNY College of Technology at Alfred,NY,Alfred,15230.0,49.0,41800.0,3712.0
273,University of Louisville,KY,Louisville,15968.0,53.0,41800.0,15033.0
274,Slippery Rock University of Pennsylvania,PA,Slippery Rock,19239.0,68.0,41700.0,7546.0
275,SUNY at Fredonia,NY,Fredonia,17463.0,63.0,41700.0,4352.0
276,Plymouth State University,NH,Plymouth,20461.0,56.0,41700.0,4059.0
277,California University of Pennsylvania,PA,California,19480.0,50.0,41600.0,5426.0
278,University of North Carolina Wilmington,NC,Wilmington,16793.0,72.0,41600.0,13608.0
279,Kutztown University of Pennsylvania,PA,Kutztown,19680.0,54.0,41600.0,7683.0
280,Louisiana Tech University,LA,Ruston,9561.0,52.0,41500.0,8009.0
281,College of Staten Island CUNY,NY,Staten Island,9246.0,28.0,41500.0,12124.0
282,Lock Haven University,PA,Lock Haven,18271.0,49.0,41500.0,3786.0
283,Longwood University,VA,Farmville,20744.0,66.0,41500.0,4326.0
284,SUNY Empire State College,NY,Saratoga Springs,14170.0,23.0,41400.0,9061.0
285,Rhode Island College,RI,Providence,10480.0,46.0,41400.0,7224.0
286,Cleveland State University,OH,Cleveland,16828.0,40.0,41300.0,11752.0
287,University of Nebraska at Kearney,NE,Kearney,15768.0,56.0,41300.0,4672.0
288,Minot State University,ND,Minot,10817.0,43.0,41200.0,2563.0
289,University of Alabama at Birmingham,AL,Birmingham,16475.0,54.0,41200.0,12047.0
290,Eastern Oregon University,OR,La Grande,14607.0,29.0,41200.0,2721.0
291,Ball State University,IN,Muncie,15521.0,59.0,41100.0,16260.0
292,Midwestern State University,TX,Wichita Falls,10383.0,42.0,41100.0,5319.0
293,University of Wisconsin-River Falls,WI,River Falls,15452.0,56.0,40900.0,5357.0
294,CUNY York College,NY,Jamaica,6638.0,29.0,40800.0,7140.0
295,Wayne State University,MI,Detroit,11366.0,37.0,40800.0,16671.0
296,University of Wisconsin-Green Bay,WI,Green Bay,14880.0,47.0,40800.0,5509.0
297,Governors State University,IL,University Park,17106.0,,40800.0,3469.0
298,Indiana University of Pennsylvania-Main Campus,PA,Indiana,18902.0,54.0,40800.0,10482.0
299,College of Charleston,SC,Charleston,17894.0,69.0,40700.0,10033.0
300,Bemidji State University,MN,Bemidji,15418.0,46.0,40600.0,4413.0
301,CUNY New York City College of Technology,NY,Brooklyn,6811.0,16.0,40600.0,16040.0
302,Minnesota State University Moorhead,MN,Moorhead,15593.0,42.0,40600.0,4968.0
303,University of Michigan-Flint,MI,Flint,14024.0,38.0,40600.0,5827.0
304,Georgia College & State University,GA,Milledgeville,19370.0,60.0,40500.0,5923.0
305,East Carolina University,NC,Greenville,15203.0,61.0,40500.0,22386.0
306,Tennessee Technological University,TN,Cookeville,14233.0,52.0,40500.0,9184.0
307,Bowling Green State University-Main Campus,OH,Bowling Green,18272.0,56.0,40500.0,13901.0
308,Ohio University-Main Campus,OH,Athens,22058.0,65.0,40500.0,23344.0
309,Morgan State University,MD,Baltimore,16918.0,31.0,40500.0,6333.0
310,Wichita State University,KS,Wichita,17640.0,44.0,40400.0,11030.0
311,Washburn University,KS,Topeka,11455.0,35.0,40300.0,4967.0
312,Angelo State University,TX,San Angelo,10728.0,36.0,40200.0,5592.0
313,Metropolitan State University of Denver,CO,Denver,13270.0,26.0,40200.0,19334.0
314,Mississippi State University,MS,Mississippi State,15656.0,60.0,40200.0,17371.0
315,University of Wisconsin-Stevens Point,WI,Stevens Point,14173.0,63.0,40200.0,8193.0
316,Northern Arizona University,AZ,Flagstaff,14664.0,53.0,40100.0,26399.0
317,Northwest Missouri State University,MO,Maryville,10986.0,50.0,40000.0,5240.0
318,The University of Texas at El Paso,TX,El Paso,7058.0,39.0,40000.0,20376.0
319,University of Wisconsin-Parkside,WI,Kenosha,11548.0,29.0,39900.0,4145.0
320,University of Louisiana at Lafayette,LA,Lafayette,10617.0,45.0,39900.0,15030.0
321,Armstrong State University,GA,Savannah,19563.0,32.0,39900.0,6180.0
322,SUNY Buffalo State,NY,Buffalo,12454.0,49.0,39800.0,8360.0
323,Southern Utah University,UT,Cedar City,13858.0,47.0,39800.0,6353.0
324,Shepherd University,WV,Shepherdstown,10939.0,47.0,39700.0,3094.0
325,Western Oregon University,OR,Monmouth,16411.0,41.0,39700.0,4807.0
326,SUNY College at Potsdam,NY,Potsdam,14796.0,53.0,39700.0,3406.0
327,Wright State University-Main Campus,OH,Dayton,15769.0,38.0,39500.0,11664.0
328,Lamar University,TX,Beaumont,12873.0,32.0,39500.0,9065.0
329,Pittsburg State University,KS,Pittsburg,13446.0,48.0,39400.0,5536.0
330,Saginaw Valley State University,MI,University Center,14787.0,39.0,39300.0,7913.0
331,Southwestern Oklahoma State University,OK,Weatherford,11864.0,28.0,39300.0,4272.0
332,Eastern Michigan University,MI,Ypsilanti,14165.0,40.0,39300.0,17025.0
333,Texas A & M University-Commerce,TX,Commerce,10121.0,43.0,39300.0,8302.0
334,Missouri State University-Springfield,MO,Springfield,15687.0,54.0,39300.0,17277.0
335,Indiana State University,IN,Terre Haute,11837.0,39.0,39000.0,10601.0
336,Purdue University-North Central Campus,IN,Westville,9245.0,24.0,39000.0,2519.0
337,Southern Oregon University,OR,Ashland,8195.0,38.0,39000.0,4391.0
338,The University of West Florida,FL,Pensacola,11040.0,48.0,38900.0,9657.0
339,Clayton  State University,GA,Morrow,10969.0,32.0,38800.0,5752.0
340,University of Central Oklahoma,OK,Edmond,12794.0,38.0,38800.0,14531.0
341,Appalachian State University,NC,Boone,13171.0,71.0,38800.0,16434.0
342,University of Southern Maine,ME,Portland,14994.0,34.0,38700.0,5233.0
343,Valdosta State University,GA,Valdosta,15076.0,36.0,38700.0,8589.0
344,Middle Tennessee State University,TN,Murfreesboro,12173.0,43.0,38700.0,18998.0
345,University of Alaska Fairbanks,AK,Fairbanks,10248.0,27.0,38700.0,5152.0
346,Athens State University,AL,Athens,,,38700.0,2888.0
347,University of Hawaii-West Oahu,HI,Kapolei,8728.0,23.0,38600.0,2757.0
348,Mansfield University of Pennsylvania,PA,Mansfield,18292.0,50.0,38600.0,2052.0
349,Coastal Carolina University,SC,Conway,15111.0,42.0,38500.0,9460.0
350,University of Central Arkansas,AR,Conway,13231.0,43.0,38300.0,9082.0
351,Midland College,TX,Midland,8049.0,19.0,38300.0,4586.0
352,McNeese State University,LA,Lake Charles,10722.0,42.0,38200.0,6083.0
353,Fort Hays State University,KS,Hays,12039.0,40.0,38200.0,11698.0
354,University of West Georgia,GA,Carrollton,15212.0,40.0,38200.0,10599.0
355,Chadron State College,NE,Chadron,13267.0,43.0,38200.0,2039.0
356,Purdue University-Calumet Campus,IN,Hammond,10990.0,32.0,38200.0,7100.0
357,Coppin State University,MD,Baltimore,9346.0,18.0,38100.0,2477.0
358,The University of Tennessee-Chattanooga,TN,Chattanooga,14673.0,44.0,38100.0,10057.0
359,Green River College,WA,Auburn,9542.0,36.0,38100.0,5659.0
360,Kent State University at Stark,OH,Canton,8702.0,28.0,38000.0,4444.0
361,Kent State University at Trumbull,OH,Warren,8922.0,18.0,38000.0,2231.0
362,Kent State University at Kent,OH,Kent,18680.0,56.0,38000.0,22907.0
363,University of Central Missouri,MO,Warrensburg,14889.0,52.0,38000.0,8756.0
364,Kent State University at Geauga,OH,Burton,9005.0,25.0,38000.0,2124.0
365,Sul Ross State University,TX,Alpine,14891.0,19.0,37900.0,2249.0
366,Clarion University of Pennsylvania,PA,Clarion,18567.0,49.0,37900.0,4252.0
367,University of Hawaii at Hilo,HI,Hilo,11912.0,37.0,37900.0,2962.0
368,Northeastern Illinois University,IL,Chicago,16285.0,23.0,37900.0,7570.0
369,Indiana University-Southeast,IN,New Albany,10913.0,30.0,37900.0,4964.0
370,University of South Alabama,AL,Mobile,14755.0,37.0,37800.0,11483.0
371,North Seattle College,WA,Seattle,4788.0,23.0,37800.0,2727.0
372,University of North Alabama,AL,Florence,11127.0,40.0,37800.0,5846.0
373,University of New Orleans,LA,New Orleans,10191.0,36.0,37800.0,5987.0
374,Western Carolina University,NC,Cullowhee,14433.0,57.0,37700.0,9002.0
375,Lake Superior State University,MI,Sault Ste Marie,11583.0,40.0,37700.0,2063.0
376,Southwest Minnesota State University,MN,Marshall,14926.0,45.0,37600.0,2321.0
377,Florida Agricultural and Mechanical University,FL,Tallahassee,13212.0,40.0,37600.0,7365.0
378,Northern Kentucky University,KY,Highland Heights,8446.0,39.0,37500.0,11033.0
379,University of North Carolina at Greensboro,NC,Greensboro,11758.0,55.0,37500.0,15781.0
380,University of Louisiana at Monroe,LA,Monroe,8846.0,42.0,37500.0,6150.0
381,Colorado State University-Pueblo,CO,Pueblo,14068.0,33.0,37500.0,3953.0
382,Nicholls State University,LA,Thibodaux,11106.0,45.0,37500.0,5278.0
383,University of Memphis,TN,Memphis,13306.0,43.0,37400.0,15962.0
384,SUNY College of Technology at Delhi,NY,Delhi,14826.0,42.0,37200.0,3255.0
385,Southeastern Louisiana University,LA,Hammond,11222.0,39.0,37200.0,10839.0
386,Murray State University,KY,Murray,10322.0,49.0,37100.0,7655.0
387,University of South Carolina-Aiken,SC,Aiken,14589.0,43.0,37100.0,3122.0
388,Boise State University,ID,Boise,14205.0,39.0,37100.0,16045.0
389,Emporia State University,KS,Emporia,13666.0,43.0,37100.0,3578.0
390,Southeast Missouri State University,MO,Cape Girardeau,12277.0,49.0,37000.0,9028.0
391,Troy University,AL,Troy,11479.0,35.0,37000.0,13745.0
392,University of Southern Indiana,IN,Evansville,12322.0,39.0,37000.0,7764.0
393,University of South Carolina-Upstate,SC,Spartanburg,14478.0,41.0,36900.0,5030.0
394,Highline College,WA,Des Moines,6654.0,32.0,36900.0,4839.0
395,East Central University,OK,Ada,7196.0,35.0,36800.0,3249.0
396,Colorado Mesa University,CO,Grand Junction,17013.0,33.0,36800.0,8734.0
397,University of Wisconsin-Superior,WI,Superior,13314.0,41.0,36700.0,2263.0
398,Humboldt State University,CA,Arcata,13515.0,46.0,36600.0,7956.0
399,University of Maryland Eastern Shore,MD,Princess Anne,16069.0,35.0,36600.0,3162.0
400,Indiana University-Purdue University-Fort Wayne,IN,Fort Wayne,10416.0,24.0,36500.0,8302.0
401,University of Akron Main Campus,OH,Akron,17424.0,40.0,36500.0,15630.0
402,Georgia Southwestern State University,GA,Americus,13087.0,33.0,36400.0,2409.0
403,University of Southern Mississippi,MS,Hattiesburg,12570.0,47.0,36400.0,11658.0
404,University of New Mexico-Main Campus,NM,Albuquerque,12827.0,46.0,36400.0,19646.0
405,New Mexico Highlands University,NM,Las Vegas,7853.0,20.0,36300.0,2066.0
406,Indiana University-Northwest,IN,Gary,8760.0,24.0,36300.0,3727.0
407,The University of Tennessee-Martin,TN,Martin,9911.0,48.0,36200.0,5576.0
408,Indiana University-Kokomo,IN,Kokomo,9876.0,34.0,36200.0,2771.0
409,Wayne State College,NE,Wayne,12722.0,49.0,36100.0,2641.0
410,Eastern Kentucky University,KY,Richmond,11150.0,41.0,36100.0,13127.0
411,University of Wisconsin Colleges,WI,Madison,8984.0,23.0,36000.0,9811.0
412,Youngstown State University,OH,Youngstown,11827.0,30.0,35900.0,10147.0
413,Winthrop University,SC,Rock Hill,16939.0,57.0,35900.0,4790.0
414,CUNY Medgar Evers College,NY,Brooklyn,9753.0,12.0,35900.0,6405.0
415,Columbus State University,GA,Columbus,12442.0,30.0,35900.0,6557.0
416,Columbia Basin College,WA,Pasco,7820.0,28.0,35900.0,5407.0
417,Black Hills State University,SD,Spearfish,15793.0,38.0,35900.0,2770.0
418,Delaware State University,DE,Dover,17956.0,42.0,35800.0,3692.0
419,Southeastern Oklahoma State University,OK,Durant,9025.0,27.0,35800.0,2989.0
420,Norfolk State University,VA,Norfolk,15304.0,34.0,35800.0,4707.0
421,Northeastern State University,OK,Tahlequah,8661.0,27.0,35800.0,6548.0
422,Jacksonville State University,AL,Jacksonville,17664.0,33.0,35800.0,6714.0
423,Henderson State University,AR,Arkadelphia,10575.0,34.0,35700.0,3048.0
424,SUNY College of Technology at Canton,NY,Canton,12784.0,33.0,35700.0,3094.0
425,Idaho State University,ID,Pocatello,16481.0,30.0,35700.0,8307.0
426,Louisiana State University-Shreveport,LA,Shreveport,9158.0,36.0,35700.0,2199.0
427,Southern Arkansas University Main Campus,AR,Magnolia,11452.0,35.0,35700.0,3012.0
428,Prairie View A & M University,TX,Prairie View,10795.0,33.0,35700.0,7417.0
429,Marshall University,WV,Huntington,9465.0,45.0,35600.0,8700.0
430,The University of Montana,MT,Missoula,13978.0,45.0,35500.0,9356.0
431,Northern Michigan University,MI,Marquette,12505.0,47.0,35500.0,6983.0
432,Dixie State University,UT,Saint George,13501.0,34.0,35400.0,7432.0
433,Edinboro University of Pennsylvania,PA,Edinboro,14612.0,44.0,35400.0,4746.0
434,Tennessee State University,TN,Nashville,10720.0,36.0,35300.0,6878.0
435,Oklahoma State University Institute of Technology,OK,Okmulgee,8361.0,31.0,35300.0,2164.0
436,Morrisville State College,NY,Morrisville,16901.0,27.0,35200.0,2765.0
437,Virginia State University,VA,Petersburg,14507.0,46.0,35200.0,4155.0
438,Fort Lewis College,CO,Durango,17012.0,43.0,35200.0,3443.0
439,SUNY at Purchase College,NY,Purchase,18597.0,60.0,35200.0,3901.0
440,University of the District of Columbia,DC,Washington,15532.0,14.0,35200.0,3695.0
441,East Tennessee State University,TN,Johnson City,15509.0,42.0,35100.0,10709.0
442,SUNY College of Agriculture and Technology at Cobleskill,NY,Cobleskill,15634.0,38.0,35000.0,2271.0
443,Brazosport College,TX,Lake Jackson,3998.0,18.0,35000.0,3150.0
444,Austin Peay State University,TN,Clarksville,12425.0,37.0,34900.0,9116.0
445,Indiana University-South Bend,IN,South Bend,10077.0,27.0,34900.0,4981.0
446,University of Arkansas at Little Rock,AR,Little Rock,13357.0,30.0,34900.0,7023.0
447,Broward College,FL,Fort Lauderdale,9118.0,31.0,34900.0,38674.0
448,Western Kentucky University,KY,Bowling Green,11578.0,44.0,34700.0,14956.0
449,Southern University and A & M College,LA,Baton Rouge,13118.0,32.0,34700.0,4858.0
450,North Carolina A & T State University,NC,Greensboro,10397.0,44.0,34700.0,9354.0
451,Florida SouthWestern State College,FL,Fort Myers,9966.0,33.0,34700.0,11035.0
452,Georgia Highlands College,GA,Rome,5938.0,9.0,34700.0,5635.0
453,Lewis-Clark State College,ID,Lewiston,11027.0,30.0,34600.0,3038.0
454,New Mexico State University-Main Campus,NM,Las Cruces,9571.0,44.0,34600.0,11421.0
455,Montana State University-Billings,MT,Billings,13827.0,25.0,34600.0,3536.0
456,Santa Fe College,FL,Gainesville,9979.0,56.0,34600.0,13799.0
457,University of North Carolina at Asheville,NC,Asheville,12145.0,61.0,34500.0,3462.0
458,Missouri Western State University,MO,Saint Joseph,10026.0,31.0,34400.0,4150.0
459,University of North Carolina at Pembroke,NC,Pembroke,11550.0,37.0,34400.0,5344.0
460,Cameron University,OK,Lawton,9347.0,20.0,34300.0,4117.0
461,Northwestern State University of Louisiana,LA,Natchitoches,12182.0,37.0,34300.0,7498.0
462,University of Montevallo,AL,Montevallo,18000.0,47.0,34200.0,2399.0
463,Shawnee State University,OH,Portsmouth,14172.0,33.0,34200.0,3355.0
464,Lander University,SC,Greenwood,13569.0,44.0,34200.0,2658.0
465,Arkansas Tech University,AR,Russellville,11614.0,40.0,34100.0,8463.0
466,Mississippi University for Women,MS,Columbus,10224.0,47.0,34100.0,2308.0
467,Clark College,WA,Vancouver,7930.0,25.0,34100.0,8364.0
468,Rogers State University,OK,Claremore,12632.0,22.0,34000.0,3420.0
469,Oklahoma State University-Oklahoma City,OK,Oklahoma City,6408.0,6.0,33900.0,5631.0
470,Chicago State University,IL,Chicago,13016.0,14.0,33800.0,2352.0
471,Louisiana State University-Alexandria,LA,Alexandria,7941.0,26.0,33700.0,2579.0
472,Delta State University,MS,Cleveland,12717.0,34.0,33700.0,2429.0
473,Missouri Southern State University,MO,Joplin,9158.0,30.0,33300.0,5477.0
474,Palm Beach State College,FL,Lake Worth,4156.0,35.0,33300.0,26916.0
475,Auburn University at Montgomery,AL,Montgomery,15053.0,22.0,33300.0,4171.0
476,Yakima Valley College,WA,Yakima,7198.0,23.0,33300.0,2478.0
477,Olympic College,WA,Bremerton,5718.0,27.0,33200.0,4642.0
478,The Evergreen State College,WA,Olympia,12580.0,55.0,33200.0,3732.0
479,Winston-Salem State University,NC,Winston-Salem,10849.0,46.0,33200.0,4654.0
480,Francis Marion University,SC,Florence,11176.0,41.0,33100.0,3221.0
481,Morehead State University,KY,Morehead,11308.0,43.0,33100.0,6647.0
482,Fairmont State University,WV,Fairmont,10220.0,30.0,33000.0,3662.0
483,North Carolina Central University,NC,Durham,11564.0,42.0,32900.0,5897.0
484,St Petersburg College,FL,Clearwater,7166.0,30.0,32900.0,25611.0
485,Abraham Baldwin Agricultural College,GA,Tifton,8334.0,19.0,32900.0,3233.0
486,Vincennes University,IN,Vincennes,10989.0,23.0,32800.0,7563.0
487,Colorado Mountain College,CO,Glenwood Springs,9404.0,22.0,32700.0,3523.0
488,Schoolcraft College,MI,Livonia,4233.0,18.0,32700.0,10145.0
489,Valencia College,FL,Orlando,6506.0,44.0,32600.0,38044.0
490,Skagit Valley College,WA,Mount Vernon,9185.0,20.0,32500.0,2744.0
491,College of Southern Nevada,NV,Las Vegas,7028.0,7.0,32300.0,28939.0
492,Dalton State College,GA,Dalton,11247.0,15.0,32300.0,4780.0
493,Seattle Central College,WA,Seattle,4810.0,23.0,32300.0,3398.0
494,Arkansas State University-Main Campus,AR,Jonesboro,12418.0,43.0,32200.0,9128.0
495,Albany State University,GA,Albany,12559.0,31.0,32200.0,2576.0
496,Florida State College at Jacksonville,FL,Jacksonville,7372.0,36.0,31900.0,20507.0
497,Polk State College,FL,Winter Haven,8769.0,30.0,31800.0,8583.0
498,Seminole State College of Florida,FL,Sanford,8928.0,37.0,31800.0,15602.0
499,Snow College,UT,Ephraim,8985.0,42.0,31700.0,3509.0
500,Middle Georgia State University,GA,Macon,9961.0,14.0,31500.0,7077.0
501,East Georgia State College,GA,Swainsboro,5079.0,6.0,31500.0,2785.0
502,Indiana University-East,IN,Richmond,9009.0,31.0,31500.0,3082.0
503,University of Arkansas at Monticello,AR,Monticello,10154.0,26.0,31500.0,2633.0
504,College of Central Florida,FL,Ocala,9668.0,40.0,31400.0,6154.0
505,Lincoln University,MO,Jefferson City,11800.0,21.0,31400.0,2113.0
506,Great Basin College,NV,Elko,9021.0,22.0,31300.0,2032.0
507,Savannah State University,GA,Savannah,10966.0,27.0,31300.0,4627.0
508,Texas Southern University,TX,Houston,18953.0,18.0,31300.0,6562.0
509,Gordon State College,GA,Barnesville,13651.0,10.0,31200.0,3577.0
510,Fayetteville State University,NC,Fayetteville,5952.0,32.0,31200.0,5105.0
511,Miami Dade College,FL,Miami,7643.0,32.0,31100.0,50604.0
512,Alcorn State University,MS,Alcorn State,14771.0,32.0,31100.0,2812.0
513,Alabama A & M University,AL,Normal,15567.0,29.0,31000.0,4616.0
514,University of Arkansas-Fort Smith,AR,Fort Smith,8568.0,24.0,31000.0,5511.0
515,State College of Florida-Manatee-Sarasota,FL,Bradenton,10577.0,31.0,30900.0,8739.0
516,Lake-Sumter State College,FL,Leesburg,4089.0,37.0,30900.0,3639.0
517,Fort Valley State University,GA,Fort Valley,12946.0,27.0,30900.0,2223.0
518,Saint Johns River State College,FL,Palatka,5961.0,39.0,30800.0,4807.0
519,Spokane Falls Community College,WA,Spokane,6033.0,23.0,30700.0,5262.0
520,Western Nevada College,NV,Carson City,9733.0,20.0,30500.0,3006.0
521,Jackson College,MI,Jackson,7587.0,13.0,30500.0,4509.0
522,Indian River State College,FL,Fort Pierce,2198.0,38.0,30400.0,14095.0
523,South Texas College,TX,McAllen,1717.0,18.0,30300.0,19701.0
524,South Georgia State College,GA,Douglas,9381.0,13.0,30300.0,2188.0
525,University of Guam,GU,Mangilao,9027.0,29.0,30100.0,3520.0
526,Jackson State University,MS,Jackson,13646.0,39.0,30000.0,7457.0
527,Northwestern Michigan College,MI,Traverse City,9186.0,16.0,30000.0,3724.0
528,University of Hawaii Maui College,HI,Kahului,8772.0,13.0,29900.0,2694.0
529,West Virginia State University,WV,Institute,9285.0,28.0,29800.0,2005.0
530,South Carolina State University,SC,Orangeburg,21356.0,37.0,29800.0,2499.0
531,Gulf Coast State College,FL,Panama City,3106.0,32.0,29700.0,4017.0
532,Pasco-Hernando State College,FL,New Port Richey,5895.0,34.0,29700.0,9488.0
533,Darton State College,GA,Albany,8994.0,12.0,29600.0,3791.0
534,Eastern New Mexico University-Main Campus,NM,Portales,9503.0,34.0,29500.0,3483.0
535,Florida Gateway College,FL,Lake City,4378.0,37.0,29500.0,2156.0
536,Eastern Florida State College,FL,Cocoa,6107.0,44.0,29300.0,12321.0
537,Daytona State College,FL,Daytona Beach,4781.0,33.0,28700.0,8758.0
538,College of Coastal Georgia,GA,Brunswick,11066.0,13.0,28300.0,3174.0
539,Pensacola State College,FL,Pensacola,4792.0,31.0,28200.0,7723.0
540,Grambling State University,LA,Grambling,17494.0,34.0,28100.0,3882.0
541,Atlanta Metropolitan State College,GA,Atlanta,5346.0,11.0,28000.0,2486.0
542,West Virginia University at Parkersburg,WV,Parkersburg,8440.0,36.0,28000.0,2262.0
543,Northwest Florida State College,FL,Niceville,8277.0,36.0,27800.0,4185.0
544,Alabama State University,AL,Montgomery,15037.0,25.0,27700.0,4704.0
545,Pueblo Community College,CO,Pueblo,12320.0,24.0,27700.0,3922.0
546,University of Maine at Augusta,ME,Augusta,9673.0,13.0,27700.0,3632.0
547,Langston University,OK,Langston,13800.0,11.0,27700.0,2013.0
548,University of Arkansas at Pine Bluff,AR,Pine Bluff,8180.0,25.0,27200.0,2711.0
549,South Florida State College,FL,Avon Park,5567.0,47.0,26900.0,2063.0
550,Colorado State University-Global Campus,CO,Greenwood Village,,,,7753.0
551,University of California-Merced,CA,Merced,13031.0,66.0,,6815.0
552,University of Puerto Rico-Arecibo,PR,Arecibo,5953.0,45.0,,4062.0
553,University of Puerto Rico-Carolina,PR,Carolina,7270.0,35.0,,3819.0
554,University of Puerto Rico-Ponce,PR,Ponce,6958.0,42.0,,3630.0
555,University of Puerto Rico-Cayey,PR,Cayey,5652.0,48.0,,3749.0
556,University of Puerto Rico-Mayaguez,PR,Mayaguez,7497.0,40.0,,11987.0
557,University of Puerto Rico-Rio Piedras,PR,San Juan,2108.0,48.0,,13263.0
558,Kennesaw State University,GA,Kennesaw,17832.0,42.0,,31611.0
559,Texas A&M University-San Antonio,TX,San Antonio,,,,4556.0
560,Georgia Gwinnett College,GA,Lawrenceville,13216.0,18.0,,11443.0
561,Nevada State College,NV,Henderson,12271.0,14.0,,3345.0
562,University of Puerto Rico-Bayamon,PR,Bayamon,4270.0,36.0,,4832.0
563,University of Puerto Rico-Aguadilla,PR,Aguadilla,1887.0,38.0,,3333.0
564,University of Puerto Rico-Humacao,PR,Humacao,5632.0,46.0,,3931.0
